{
    "t": [
        0.0,
        1.0,
        2.0,
        3.0,
        4.0,
        5.0,
        6.0,
        7.0,
        8.0,
        9.0,
        10.0,
        11.0,
        12.0,
        13.0,
        14.0
    ],
    "I": [
        1.0,
        3.0,
        6.0,
        25.0,
        73.0,
        222.0,
        294.0,
        258.0,
        237.0,
        191.0,
        125.0,
        69.0,
        27.0,
        11.0,
        4.0
    ],
    "N": 763,
    "bounds": [
        [
            -1.5,
            4.0
        ],
        [
            -1.5,
            1.5
        ],
        [
            -1.5,
            1.5
        ],
        [
            -6.283185307179586,
            6.283185307179586
        ],
        [
            -2.0,
            1.5
        ],
        [
            -3.0,
            1.5
        ],
        [
            -6.283185307179586,
            6.283185307179586
        ],
        [
            -1.0,
            1.0
        ],
        [
            -1.5,
            1.5
        ],
        [
            -1.5,
            1.5
        ],
        [
            -6.283185307179586,
            6.283185307179586
        ],
        [
            -1.5,
            1.5
        ],
        [
            -1.5,
            1.5
        ],
        [
            -6.283185307179586,
            6.283185307179586
        ],
        [
            -1.0,
            1.0
        ],
        [
            -1.5,
            1.5
        ],
        [
            -1.5,
            1.5
        ],
        [
            -6.283185307179586,
            6.283185307179586
        ],
        [
            -1.5,
            1.5
        ],
        [
            -1.5,
            1.5
        ],
        [
            -6.283185307179586,
            6.283185307179586
        ],
        [
            0.5,
            1.5
        ]
    ],
    "model": "SEIR-harmonic-v4-multi-colony",
    "best_params": [
        1.433392912182946,
        -0.24781242063256376,
        -1.162646372100042,
        2.6847179287922547,
        -0.49048110915089854,
        1.5,
        -4.80522660683565,
        -0.5698634555815945,
        0.38008053226670785,
        -0.4241777796790482,
        5.349696236232794,
        -0.28093933357014844,
        -1.2905740528691987,
        -6.236817741151733,
        -0.22507836891273486,
        0.4003615043446216,
        -1.4705372216086035,
        -6.282947435763138,
        0.5009709337299647,
        -1.133207645248368,
        -2.595762482911578,
        1.132583057544472
    ],
    "best_cost": 0.5393458819203693
}