{
    "t": [
        1.0,
        2.0,
        3.0,
        4.0,
        5.0,
        6.0,
        7.0,
        8.0,
        9.0,
        10.0,
        11.0,
        12.0,
        13.0,
        14.0,
        15.0,
        16.0,
        17.0,
        18.0,
        19.0,
        20.0,
        21.0,
        22.0,
        23.0,
        24.0,
        25.0,
        26.0,
        27.0,
        28.0,
        29.0,
        30.0,
        31.0,
        32.0,
        33.0,
        34.0,
        35.0,
        36.0,
        37.0,
        38.0,
        39.0,
        40.0,
        41.0,
        42.0,
        43.0,
        44.0,
        45.0,
        46.0,
        47.0,
        48.0,
        49.0,
        50.0,
        51.0,
        52.0
    ],
    "I": [
        1.0,
        1.0,
        1.0,
        1.0,
        1.0,
        1.0,
        1.0,
        4.0,
        23.0,
        131.0,
        624.0,
        1152.0,
        1956.0,
        3273.0,
        5396.0,
        8459.0,
        11552.0,
        14533.0,
        18890.0,
        22291.0,
        26962.0,
        29030.0,
        34826.0,
        36211.0,
        40827.0,
        41297.0,
        47631.0,
        47933.0,
        49685.0,
        47336.0,
        43029.0,
        37504.0,
        38658.0,
        38663.0,
        37418.0,
        36716.0,
        31075.0,
        33661.0,
        30720.0,
        33402.0,
        38059.0,
        41295.0,
        44157.0,
        42219.0,
        44247.0,
        47242.0,
        53547.0,
        57286.0,
        71704.0,
        77160.0,
        76618.0,
        71399.0
    ],
    "N": 128700000,
    "bounds": [
        [
            -1.5,
            1.5
        ],
        [
            -1.5,
            1.5
        ],
        [
            -1.5,
            1.5
        ],
        [
            -6.283185307179586,
            6.283185307179586
        ],
        [
            -1.5,
            1.5
        ],
        [
            -2.0,
            1.5
        ],
        [
            -6.283185307179586,
            6.283185307179586
        ],
        [
            -1.0,
            1.0
        ],
        [
            -1.5,
            1.5
        ],
        [
            -1.5,
            1.5
        ],
        [
            -6.283185307179586,
            6.283185307179586
        ],
        [
            -1.5,
            1.5
        ],
        [
            -1.5,
            1.5
        ],
        [
            -6.283185307179586,
            6.283185307179586
        ],
        [
            -1.0,
            1.0
        ],
        [
            -1.5,
            1.5
        ],
        [
            -1.5,
            1.5
        ],
        [
            -6.283185307179586,
            6.283185307179586
        ],
        [
            -1.5,
            2.0
        ],
        [
            -1.5,
            1.5
        ],
        [
            -6.283185307179586,
            6.283185307179586
        ],
        [
            0.5,
            1.5
        ]
    ],
    "model": "SEIR-harmonic-v4-multi-colony",
    "best_params": [
        0.02782246841404131,
        0.45241508318047524,
        -0.8830883268025018,
        -4.618834062112404,
        -0.6863610398582081,
        0.17882625115565942,
        1.0132527394716875,
        -0.5113393268706478,
        0.3115177841642187,
        -0.9055541024843041,
        3.214161684490671,
        0.22086450026128762,
        -0.17268443152743704,
        6.283185307179586,
        -0.8632837114373414,
        0.8961082966469767,
        -0.19042309891518766,
        -5.620161394850672,
        1.2818883300341428,
        -0.08422941182114858,
        0.7784028585921305,
        0.9332454539922214
    ],
    "best_cost": 1834303.6618769737
}