{
    "t": [
        1.0,
        2.0,
        3.0,
        4.0,
        5.0,
        6.0,
        7.0,
        8.0,
        9.0,
        10.0,
        11.0,
        12.0,
        13.0,
        14.0,
        15.0,
        16.0,
        17.0,
        18.0,
        19.0,
        20.0,
        21.0,
        22.0,
        23.0,
        24.0,
        25.0,
        26.0,
        27.0,
        28.0,
        29.0,
        30.0,
        31.0,
        32.0,
        33.0,
        34.0,
        35.0,
        36.0,
        37.0,
        38.0,
        39.0,
        40.0,
        41.0,
        42.0,
        43.0,
        44.0,
        45.0,
        46.0,
        47.0,
        48.0,
        49.0,
        50.0,
        51.0,
        52.0
    ],
    "I": [
        112264.0,
        102094.0,
        92370.0,
        66822.0,
        55589.0,
        44469.0,
        42478.0,
        39585.0,
        36802.0,
        29730.0,
        29537.0,
        24963.0,
        22769.0,
        24752.0,
        20918.0,
        20039.0,
        16724.0,
        14692.0,
        14760.0,
        14982.0,
        15724.0,
        18535.0,
        21222.0,
        27791.0,
        33802.0,
        46962.0,
        71580.0,
        92452.0,
        119167.0,
        131161.0,
        130754.0,
        127980.0,
        108960.0,
        89903.0,
        81092.0,
        65895.0,
        56072.0,
        49923.0,
        38592.0,
        32591.0,
        26348.0,
        24016.0,
        19983.0,
        19867.0,
        18008.0,
        19669.0,
        17919.0,
        18040.0,
        16279.0,
        17468.0,
        36655.0,
        60490.0
    ],
    "N": 128700000,
    "bounds": [
        [
            -1.5,
            1.5
        ],
        [
            -1.5,
            1.5
        ],
        [
            -1.5,
            1.5
        ],
        [
            -6.283185307179586,
            6.283185307179586
        ],
        [
            -1.5,
            1.5
        ],
        [
            -2.0,
            1.5
        ],
        [
            -6.283185307179586,
            6.283185307179586
        ],
        [
            -1.0,
            1.0
        ],
        [
            -1.5,
            1.5
        ],
        [
            -1.5,
            1.5
        ],
        [
            -6.283185307179586,
            6.283185307179586
        ],
        [
            -1.5,
            1.5
        ],
        [
            -1.5,
            1.5
        ],
        [
            -6.283185307179586,
            6.283185307179586
        ],
        [
            -1.5,
            1.0
        ],
        [
            -1.5,
            1.5
        ],
        [
            -1.5,
            1.5
        ],
        [
            -6.283185307179586,
            6.283185307179586
        ],
        [
            -1.5,
            1.5
        ],
        [
            -1.5,
            1.5
        ],
        [
            -6.283185307179586,
            6.283185307179586
        ],
        [
            0.5,
            1.5
        ]
    ],
    "model": "SEIR-harmonic-v4-multi-colony",
    "best_params": [
        -0.6954800479950681,
        -0.6479940529952727,
        -0.7148032912001488,
        -4.888236902917021,
        -0.9662690921498774,
        0.8493286481242706,
        4.724274132728479,
        -0.7197419923442361,
        1.273284602529642,
        -0.21398332300032616,
        -3.8711165297261636,
        0.0790805086190096,
        1.0467740716547878,
        6.2831837147154666,
        -0.9999656472759384,
        -0.4785397773499317,
        0.010686239497754914,
        4.863565440350397,
        0.5106143791448615,
        0.4524872577255477,
        0.1817105584942382,
        0.5000011977863135
    ],
    "best_cost": 2076.0578185085756
}