{
    "t": [
        1.0,
        2.0,
        3.0,
        4.0,
        5.0,
        6.0,
        7.0,
        8.0,
        9.0,
        10.0,
        11.0,
        12.0,
        13.0,
        14.0,
        15.0,
        16.0,
        17.0,
        18.0,
        19.0,
        20.0,
        21.0,
        22.0,
        23.0,
        24.0,
        25.0,
        26.0,
        27.0,
        28.0,
        29.0,
        30.0,
        31.0,
        32.0,
        33.0,
        34.0,
        35.0,
        36.0,
        37.0,
        38.0,
        39.0,
        40.0,
        41.0,
        42.0,
        43.0,
        44.0,
        45.0,
        46.0,
        47.0,
        48.0,
        49.0,
        50.0,
        51.0,
        52.0
    ],
    "I": [
        312485.0,
        427810.0,
        347057.0,
        215185.0,
        117654.0,
        73408.0,
        48524.0,
        26021.0,
        17552.0,
        11765.0,
        8057.0,
        6953.0,
        5591.0,
        4262.0,
        3139.0,
        4108.0,
        3966.0,
        4609.0,
        6453.0,
        9894.0,
        15086.0,
        25777.0,
        43543.0,
        71569.0,
        124690.0,
        174348.0,
        212668.0,
        197697.0,
        156748.0,
        98243.0,
        68508.0,
        43144.0,
        28652.0,
        19199.0,
        14023.0,
        10797.0,
        7022.0,
        6529.0,
        4500.0,
        3230.0,
        2742.0,
        2675.0,
        2758.0,
        3652.0,
        4865.0,
        5931.0,
        10142.0,
        15517.0,
        22546.0,
        29751.0,
        32649.0,
        81715.0
    ],
    "N": 128700000,
    "bounds": [
        [
            -1.5,
            1.5
        ],
        [
            -1.5,
            1.5
        ],
        [
            -1.5,
            1.5
        ],
        [
            -6.283185307179586,
            6.283185307179586
        ],
        [
            -1.5,
            3.0
        ],
        [
            -2.0,
            1.5
        ],
        [
            -6.283185307179586,
            6.283185307179586
        ],
        [
            -1.0,
            1.0
        ],
        [
            -1.5,
            1.5
        ],
        [
            -1.5,
            1.5
        ],
        [
            -6.283185307179586,
            6.283185307179586
        ],
        [
            -1.5,
            1.5
        ],
        [
            -1.5,
            1.5
        ],
        [
            -6.283185307179586,
            6.283185307179586
        ],
        [
            -1.0,
            1.0
        ],
        [
            -1.5,
            1.5
        ],
        [
            -3.0,
            1.5
        ],
        [
            -6.283185307179586,
            6.283185307179586
        ],
        [
            -1.5,
            1.5
        ],
        [
            -1.5,
            1.5
        ],
        [
            -6.283185307179586,
            6.283185307179586
        ],
        [
            0.5,
            1.5
        ]
    ],
    "model": "SEIR-harmonic-v4-multi-colony",
    "best_params": [
        -1.207583746728838,
        0.4944747902580305,
        0.6989987466079886,
        -5.085335655880444,
        1.524646255940638,
        0.23969471829874675,
        1.2492612398584968,
        -0.7263199403275971,
        0.25603721554904135,
        0.4793579580768841,
        -2.3164420576974996,
        -0.10901475826416926,
        -0.5954034071345774,
        -6.116116324540387,
        0.777009791960913,
        0.23518234874745494,
        -1.517322550607759,
        -2.032448750139055,
        0.5226799486001744,
        0.4284768462164681,
        -2.725052385969871,
        0.9910464352187917
    ],
    "best_cost": 7624999.263304808
}