{
    "t": [
        1.0,
        2.0,
        3.0,
        4.0,
        5.0,
        6.0,
        7.0,
        8.0,
        9.0,
        10.0,
        11.0,
        12.0,
        13.0,
        14.0,
        15.0,
        16.0,
        17.0,
        18.0,
        19.0
    ],
    "I": [
        6453.0,
        9894.0,
        15086.0,
        25777.0,
        43543.0,
        71569.0,
        124690.0,
        174348.0,
        212668.0,
        197697.0,
        156748.0,
        98243.0,
        68508.0,
        43144.0,
        28652.0,
        19199.0,
        14023.0,
        10797.0,
        7022.0
    ],
    "N": 128270000,
    "bounds": [
        [
            -1.0,
            1.0
        ],
        [
            -1.0,
            1.0
        ],
        [
            -1.0,
            1.0
        ],
        [
            -6.283185307179586,
            6.283185307179586
        ],
        [
            -1.0,
            1.0
        ],
        [
            -1.0,
            1.0
        ],
        [
            -6.283185307179586,
            6.283185307179586
        ],
        [
            -1.0,
            1.0
        ],
        [
            -1.0,
            1.0
        ],
        [
            -1.0,
            1.0
        ],
        [
            -6.283185307179586,
            6.283185307179586
        ],
        [
            -1.0,
            1.0
        ],
        [
            -1.0,
            1.0
        ],
        [
            -6.283185307179586,
            6.283185307179586
        ],
        [
            -1.0,
            1.0
        ],
        [
            -1.0,
            1.0
        ],
        [
            -1.0,
            1.0
        ],
        [
            -6.283185307179586,
            6.283185307179586
        ],
        [
            -1.0,
            1.0
        ],
        [
            -1.0,
            1.0
        ],
        [
            -6.283185307179586,
            6.283185307179586
        ]
    ],
    "acor_params": {
        "n_ants": 30,
        "archive_size": 20,
        "max_iter": 5000,
        "q": 0.7
    },
    "best_params": [
        -0.9999999999257324,
        0.922651190627544,
        0.2954537346906336,
        5.121363408641299,
        0.1851489884715753,
        0.9497153311783701,
        -0.5914034236343098,
        -0.9759229964304977,
        0.8104769457031755,
        -0.3732500185616669,
        5.244954535996588,
        0.36178933965333,
        0.8177010077288156,
        2.7408110486335047,
        0.44434916970454164,
        -0.3597800626149588,
        -0.5526690008985508,
        -1.489836307676028,
        -0.9678594249950857,
        -0.6651288175279223,
        0.8808069005808005
    ],
    "best_cost": 2788609.053829808
}