{
    "t": [
        1.0,
        2.0,
        3.0,
        4.0,
        5.0,
        6.0,
        7.0,
        8.0,
        9.0,
        10.0,
        11.0,
        12.0,
        13.0,
        14.0,
        15.0,
        16.0,
        17.0,
        18.0,
        19.0
    ],
    "I": [
        6453.0,
        9894.0,
        15086.0,
        25777.0,
        43543.0,
        71569.0,
        124690.0,
        174348.0,
        212668.0,
        197697.0,
        156748.0,
        98243.0,
        68508.0,
        43144.0,
        28652.0,
        19199.0,
        14023.0,
        10797.0,
        7022.0
    ],
    "N": 128270000,
    "bounds": [
        [
            -1.0,
            0.0
        ],
        [
            0.0,
            2.0
        ],
        [
            -4.0,
            0.0
        ],
        [
            -6.283185307179586,
            6.283185307179586
        ],
        [
            0.0,
            1.0
        ],
        [
            0.0,
            2.0
        ],
        [
            -6.283185307179586,
            6.283185307179586
        ],
        [
            -1.5,
            0.0
        ],
        [
            0.0,
            1.0
        ],
        [
            -2.0,
            0.0
        ],
        [
            -6.283185307179586,
            6.283185307179586
        ],
        [
            -1.5,
            0.0
        ],
        [
            -6.0,
            0.0
        ],
        [
            -6.283185307179586,
            6.283185307179586
        ]
    ],
    "acor_params": {
        "n_ants": 60,
        "archive_size": 40,
        "max_iter": 700,
        "q": 0.7
    },
    "optim_settings": {
        "loss_type": "MSE",
        "huber_delta": 1.0,
        "plateau_K": 200,
        "tmax_minutes": "",
        "warm_start": true
    },
    "multirun": {
        "enabled": false,
        "K": 5,
        "seed_base": 123
    },
    "model": "SIR-harmonic",
    "best_params": [
        -0.7719478462228436,
        0.1654665967368947,
        -3.093167484698453,
        -6.283182131871389,
        0.9999539101302269,
        0.2808180017236047,
        5.049244727386808,
        -0.5004267428681007,
        0.015616748410322116,
        -1.6798488025805633,
        6.283157595234448,
        -0.17196796157653194,
        -0.8068196754953535,
        0.05188214101406646
    ],
    "best_cost": 1671465.2720509048
}