{
    "t": [
        1.0,
        2.0,
        3.0,
        4.0,
        5.0,
        6.0,
        7.0,
        8.0,
        9.0,
        10.0,
        11.0,
        12.0,
        13.0,
        14.0,
        15.0,
        16.0,
        17.0,
        18.0,
        19.0
    ],
    "I": [
        6453.0,
        9894.0,
        15086.0,
        25777.0,
        43543.0,
        71569.0,
        124690.0,
        174348.0,
        212668.0,
        197697.0,
        156748.0,
        98243.0,
        68508.0,
        43144.0,
        28652.0,
        19199.0,
        14023.0,
        10797.0,
        7022.0
    ],
    "N": 128270000,
    "bounds": [
        [
            -1.2,
            0.0
        ],
        [
            0.0,
            2.0
        ],
        [
            -4.0,
            0.0
        ],
        [
            -6.283185307179586,
            6.283185307179586
        ],
        [
            0.0,
            1.2
        ],
        [
            0.0,
            2.0
        ],
        [
            -6.283185307179586,
            6.283185307179586
        ],
        [
            -1.5,
            0.0
        ],
        [
            0.0,
            1.0
        ],
        [
            -2.0,
            0.0
        ],
        [
            -6.283185307179586,
            8.79645943005142
        ],
        [
            -1.5,
            0.0
        ],
        [
            -6.0,
            0.0
        ],
        [
            -8.79645943005142,
            6.283185307179586
        ]
    ],
    "acor_params": {
        "n_ants": 30,
        "archive_size": 20,
        "max_iter": 1500,
        "q": 0.7
    },
    "optim_settings": {
        "loss_type": "MSE",
        "huber_delta": 1.0,
        "plateau_K": 200,
        "tmax_minutes": "",
        "warm_start": true
    },
    "multirun": {
        "enabled": false,
        "K": 5,
        "seed_base": 123
    },
    "model": "SIR-harmonic",
    "best_params": [
        -1.0000195422602347,
        0.1672925540133885,
        -2.997027600966728,
        5.65527554181501,
        0.9917409958070887,
        0.29514720744424655,
        5.076859112385559,
        -0.9676317963762665,
        0.38923021264445246,
        -0.46022753593490995,
        6.174021041445105,
        -0.7637274979259677,
        -5.199781281765701,
        -5.286567912988275
    ],
    "best_cost": 2393725.170570052
}